Time;Temperatura Bruto;Vazão Biogas;PH Acidificado;BRUTO
01/12/2024 00:00;33.9 Â°C;288 m3/h;6.44;6.16
01/12/2024 00:15;34.1 Â°C;279 m3/h;6.69;6.65
01/12/2024 00:30;34.9 Â°C;271 m3/h;6.78;6.98
01/12/2024 00:45;36.3 Â°C;254 m3/h;6.73;7.05
01/12/2024 01:00;37.0 Â°C;230 m3/h;6.74;6.89
01/12/2024 01:15;36.8 Â°C;240 m3/h;6.70;6.82
01/12/2024 01:30;35.7 Â°C;228 m3/h;6.92;6.77
01/12/2024 01:45;35.3 Â°C;252 m3/h;6.69;7.10
01/12/2024 02:00;35.3 Â°C;217 m3/h;6.74;7.38
01/12/2024 02:15;37.2 Â°C;216 m3/h;6.72;8.09
01/12/2024 02:30;37.4 Â°C;234 m3/h;6.74;9.58
01/12/2024 02:45;36.8 Â°C;260 m3/h;6.71;9.77
01/12/2024 03:00;36.6 Â°C;241 m3/h;6.74;9.82
01/12/2024 03:15;37.1 Â°C;255 m3/h;6.73;9.72
01/12/2024 03:30;36.4 Â°C;267 m3/h;6.76;9.50
01/12/2024 03:45;35.6 Â°C;242 m3/h;6.78;9.21
01/12/2024 04:00;35.2 Â°C;238 m3/h;6.91;9.06
01/12/2024 04:15;34.7 Â°C;253 m3/h;6.73;8.94
01/12/2024 04:30;33.9 Â°C;262 m3/h;6.72;10.2
01/12/2024 04:45;33.4 Â°C;253 m3/h;6.71;10.5
01/12/2024 05:00;33.1 Â°C;249 m3/h;6.74;10.5
01/12/2024 05:15;33.3 Â°C;262 m3/h;6.73;10.4
01/12/2024 05:30;33.9 Â°C;268 m3/h;6.72;10.2
01/12/2024 05:45;34.7 Â°C;261 m3/h;6.72;10.1
01/12/2024 06:00;35.1 Â°C;263 m3/h;6.88;9.91
01/12/2024 06:15;35.3 Â°C;248 m3/h;6.73;9.73
01/12/2024 06:30;36.7 Â°C;230 m3/h;6.73;9.76
01/12/2024 06:45;35.5 Â°C;211 m3/h;6.77;9.64
01/12/2024 07:00;34.3 Â°C;192 m3/h;6.76;9.50
01/12/2024 07:15;33.9 Â°C;172 m3/h;6.75;8.69
01/12/2024 07:30;34.0 Â°C;155 m3/h;6.75;9.03
01/12/2024 07:45;34.7 Â°C;162 m3/h;6.74;9.11
01/12/2024 08:00;34.8 Â°C;214 m3/h;6.74;8.39
01/12/2024 08:15;33.9 Â°C;240 m3/h;6.73;8.52
01/12/2024 08:30;34.0 Â°C;260 m3/h;6.73;8.55
01/12/2024 08:45;32.3 Â°C;253 m3/h;6.73;8.30
01/12/2024 09:00;29.0 Â°C;193 m3/h;6.73;8.10
01/12/2024 09:15;28.4 Â°C;250 m3/h;6.73;7.75
01/12/2024 09:30;28.7 Â°C;240 m3/h;6.71;7.38
01/12/2024 09:45;29.5 Â°C;247 m3/h;6.71;7.11
01/12/2024 10:00;31.0 Â°C;247 m3/h;6.72;6.71
01/12/2024 10:15;31.4 Â°C;261 m3/h;6.72;6.30
01/12/2024 10:30;31.9 Â°C;224 m3/h;6.71;6.00
01/12/2024 10:45;32.0 Â°C;263 m3/h;6.71;5.12
01/12/2024 11:00;32.2 Â°C;200 m3/h;6.71;5.15
01/12/2024 11:15;32.7 Â°C;246 m3/h;6.71;5.52
01/12/2024 11:30;34.5 Â°C;257 m3/h;6.71;6.09
01/12/2024 11:45;36.4 Â°C;260 m3/h;6.71;5.96
01/12/2024 12:00;38.1 Â°C;254 m3/h;6.87;6.01
01/12/2024 12:15;39.1 Â°C;227 m3/h;6.74;6.27
01/12/2024 12:30;38.0 Â°C;227 m3/h;6.75;6.27
01/12/2024 12:45;36.6 Â°C;235 m3/h;6.72;5.78
01/12/2024 13:00;36.1 Â°C;250 m3/h;6.71;5.96
01/12/2024 13:15;36.2 Â°C;230 m3/h;6.73;6.05
01/12/2024 13:30;35.8 Â°C;219 m3/h;6.72;6.39
01/12/2024 13:45;35.6 Â°C;208 m3/h;6.71;6.45
01/12/2024 14:00;35.4 Â°C;228 m3/h;6.71;6.38
01/12/2024 14:15;36.0 Â°C;221 m3/h;6.71;6.12
01/12/2024 14:30;36.9 Â°C;227 m3/h;6.69;5.98
01/12/2024 14:45;36.4 Â°C;203 m3/h;6.91;6.01
01/12/2024 15:00;36.6 Â°C;213 m3/h;6.74;6.01
01/12/2024 15:15;36.7 Â°C;223 m3/h;6.77;5.23
01/12/2024 15:30;36.4 Â°C;235 m3/h;6.74;4.74
01/12/2024 15:45;34.7 Â°C;213 m3/h;6.71;6.19
01/12/2024 16:00;33.2 Â°C;219 m3/h;6.68;6.03
01/12/2024 16:15;32.5 Â°C;213 m3/h;6.74;7.74
01/12/2024 16:30;32.1 Â°C;209 m3/h;6.74;8.42
01/12/2024 16:45;31.8 Â°C;245 m3/h;6.70;7.95
01/12/2024 17:00;32.3 Â°C;228 m3/h;6.71;7.46
01/12/2024 17:15;32.5 Â°C;232 m3/h;6.75;7.41
01/12/2024 17:30;32.3 Â°C;221 m3/h;6.71;7.44
01/12/2024 17:45;31.7 Â°C;227 m3/h;6.73;8.01
01/12/2024 18:00;30.9 Â°C;227 m3/h;6.70;8.82
01/12/2024 18:15;32.0 Â°C;224 m3/h;6.73;8.80
01/12/2024 18:30;34.3 Â°C;243 m3/h;6.55;8.44
01/12/2024 18:45;33.6 Â°C;235 m3/h;6.78;8.79
01/12/2024 19:00;32.8 Â°C;263 m3/h;6.75;8.80
01/12/2024 19:15;32.2 Â°C;273 m3/h;6.70;8.82
01/12/2024 19:30;31.8 Â°C;310 m3/h;6.71;8.76
01/12/2024 19:45;32.3 Â°C;312 m3/h;6.72;8.68
01/12/2024 20:00;33.1 Â°C;316 m3/h;6.71;8.66
01/12/2024 20:15;34.1 Â°C;322 m3/h;6.71;8.61
01/12/2024 20:30;35.8 Â°C;333 m3/h;6.71;8.54
01/12/2024 20:45;36.1 Â°C;323 m3/h;6.72;8.28
01/12/2024 21:00;36.1 Â°C;330 m3/h;6.72;8.40
01/12/2024 21:15;36.4 Â°C;330 m3/h;6.71;8.32
01/12/2024 21:30;35.8 Â°C;351 m3/h;6.88;8.22
01/12/2024 21:45;34.8 Â°C;335 m3/h;6.73;8.14
01/12/2024 22:00;34.5 Â°C;343 m3/h;6.71;8.03
01/12/2024 22:15;34.9 Â°C;355 m3/h;6.72;7.70
01/12/2024 22:30;37.8 Â°C;351 m3/h;6.71;7.86
01/12/2024 22:45;45.0 Â°C;334 m3/h;6.72;7.76
01/12/2024 23:00;48.0 Â°C;333 m3/h;6.72;7.66
01/12/2024 23:15;43.2 Â°C;320 m3/h;6.70;7.56
01/12/2024 23:30;41.0 Â°C;319 m3/h;6.71;7.46
01/12/2024 23:45;38.6 Â°C;328 m3/h;6.73;7.39
02/12/2024 00:00;36.9 Â°C;338 m3/h;6.71;6.26
02/12/2024 00:15;34.7 Â°C;338 m3/h;6.73;6.75
02/12/2024 00:30;33.8 Â°C;335 m3/h;6.71;7.20
02/12/2024 00:45;33.0 Â°C;341 m3/h;6.70;7.15
02/12/2024 01:00;30.2 Â°C;345 m3/h;6.87;7.09
02/12/2024 01:15;31.0 Â°C;349 m3/h;6.72;6.90
02/12/2024 01:30;30.0 Â°C;348 m3/h;6.71;6.85
02/12/2024 01:45;30.3 Â°C;345 m3/h;6.71;6.56
02/12/2024 02:00;30.0 Â°C;334 m3/h;6.87;6.55
02/12/2024 02:15;30.4 Â°C;326 m3/h;6.73;6.55
02/12/2024 02:30;31.0 Â°C;320 m3/h;6.71;6.26
02/12/2024 02:45;30.7 Â°C;323 m3/h;6.72;6.27
02/12/2024 03:00;29.9 Â°C;328 m3/h;6.71;6.49
02/12/2024 03:15;30.3 Â°C;330 m3/h;6.71;6.63
02/12/2024 03:30;28.8 Â°C;329 m3/h;6.71;6.59
02/12/2024 03:45;27.2 Â°C;339 m3/h;6.72;6.56
02/12/2024 04:00;26.6 Â°C;346 m3/h;6.71;6.54
02/12/2024 04:15;27.4 Â°C;336 m3/h;6.74;6.53
02/12/2024 04:30;30.2 Â°C;345 m3/h;6.73;6.50
02/12/2024 04:45;35.2 Â°C;342 m3/h;6.71;6.49
02/12/2024 05:00;35.9 Â°C;345 m3/h;6.86;6.47
02/12/2024 05:15;35.6 Â°C;338 m3/h;6.74;6.45
02/12/2024 05:30;35.4 Â°C;341 m3/h;6.89;6.44
02/12/2024 05:45;35.2 Â°C;322 m3/h;6.73;6.38
02/12/2024 06:00;34.9 Â°C;327 m3/h;6.73;6.36
02/12/2024 06:15;34.0 Â°C;298 m3/h;6.72;6.35
02/12/2024 06:30;33.7 Â°C;293 m3/h;6.72;6.40
02/12/2024 06:45;33.8 Â°C;296 m3/h;6.73;6.39
02/12/2024 07:00;35.0 Â°C;287 m3/h;6.73;6.39
02/12/2024 07:15;38.4 Â°C;280 m3/h;11.8;6.40
02/12/2024 07:30;41.4 Â°C;271 m3/h;7.31;6.39
02/12/2024 07:45;41.0 Â°C;256 m3/h;6.35;6.38
02/12/2024 08:00;39.3 Â°C;258 m3/h;6.72;6.37
02/12/2024 08:15;36.9 Â°C;254 m3/h;4.54;6.37
02/12/2024 08:30;35.9 Â°C;254 m3/h;4.61;6.37
02/12/2024 08:45;34.5 Â°C;267 m3/h;4.36;6.37
02/12/2024 09:00;33.7 Â°C;260 m3/h;4.27;6.37
02/12/2024 09:15;32.8 Â°C;281 m3/h;4.20;6.37
02/12/2024 09:30;32.1 Â°C;254 m3/h;4.27;6.36
02/12/2024 09:45;30.8 Â°C;232 m3/h;4.39;6.36
02/12/2024 10:00;30.1 Â°C;235 m3/h;4.42;6.35
02/12/2024 10:15;29.5 Â°C;253 m3/h;4.36;6.34
02/12/2024 10:30;29.4 Â°C;274 m3/h;4.34;6.34
02/12/2024 10:45;28.9 Â°C;264 m3/h;4.34;6.31
02/12/2024 11:00;27.7 Â°C;275 m3/h;4.37;6.33
02/12/2024 11:15;27.2 Â°C;279 m3/h;4.49;6.34
02/12/2024 11:30;27.2 Â°C;295 m3/h;4.72;6.29
02/12/2024 11:45;26.8 Â°C;236 m3/h;4.82;5.85
02/12/2024 12:00;26.8 Â°C;280 m3/h;5.10;6.10
02/12/2024 12:15;25.8 Â°C;262 m3/h;5.57;6.26
02/12/2024 12:30;24.9 Â°C;229 m3/h;5.66;6.28
02/12/2024 12:45;24.9 Â°C;219 m3/h;5.71;6.09
02/12/2024 13:00;24.7 Â°C;242 m3/h;5.67;6.16
02/12/2024 13:15;25.0 Â°C;272 m3/h;5.22;6.17
02/12/2024 13:30;25.3 Â°C;280 m3/h;7.90;6.26
02/12/2024 13:45;24.6 Â°C;265 m3/h;8.68;6.40
02/12/2024 14:00;23.9 Â°C;237 m3/h;8.28;6.22
02/12/2024 14:15;24.1 Â°C;257 m3/h;7.98;6.34
02/12/2024 14:30;24.8 Â°C;258 m3/h;7.75;6.20
02/12/2024 14:45;24.9 Â°C;265 m3/h;7.58;6.24
02/12/2024 15:00;25.5 Â°C;259 m3/h;7.46;6.40
02/12/2024 15:15;25.8 Â°C;247 m3/h;7.42;2.12
02/12/2024 15:30;25.5 Â°C;237 m3/h;7.35;2.10
02/12/2024 15:45;26.8 Â°C;238 m3/h;7.29;2.18
02/12/2024 16:00;27.0 Â°C;215 m3/h;7.22;2.04
02/12/2024 16:15;27.1 Â°C;206 m3/h;7.17;1.91
02/12/2024 16:30;27.8 Â°C;181 m3/h;7.14;1.95
02/12/2024 16:45;27.4 Â°C;156 m3/h;7.14;4.09
02/12/2024 17:00;27.0 Â°C;141 m3/h;7.12;5.32
02/12/2024 17:15;26.6 Â°C;166 m3/h;7.09;5.16
02/12/2024 17:30;26.3 Â°C;156 m3/h;7.05;5.10
02/12/2024 17:45;26.6 Â°C;157 m3/h;7.02;5.06
02/12/2024 18:00;27.2 Â°C;163 m3/h;7.00;5.52
02/12/2024 18:15;27.4 Â°C;157 m3/h;6.99;5.44
02/12/2024 18:30;27.6 Â°C;167 m3/h;6.95;5.44
02/12/2024 18:45;27.9 Â°C;189 m3/h;6.95;5.75
02/12/2024 19:00;28.3 Â°C;175 m3/h;6.93;5.83
02/12/2024 19:15;28.8 Â°C;203 m3/h;6.92;5.78
02/12/2024 19:30;29.8 Â°C;206 m3/h;6.92;5.48
02/12/2024 19:45;30.1 Â°C;237 m3/h;6.91;4.42
02/12/2024 20:00;28.8 Â°C;212 m3/h;6.89;6.06
02/12/2024 20:15;28.8 Â°C;241 m3/h;6.88;6.10
02/12/2024 20:30;28.8 Â°C;242 m3/h;6.88;6.19
02/12/2024 20:45;28.7 Â°C;248 m3/h;6.88;6.12
02/12/2024 21:00;28.8 Â°C;244 m3/h;6.88;6.08
02/12/2024 21:15;29.9 Â°C;223 m3/h;6.88;6.06
02/12/2024 21:30;31.4 Â°C;236 m3/h;6.88;5.97
02/12/2024 21:45;33.4 Â°C;214 m3/h;6.88;6.10
02/12/2024 22:00;32.7 Â°C;221 m3/h;6.88;6.11
02/12/2024 22:15;34.2 Â°C;240 m3/h;6.88;6.00
02/12/2024 22:30;35.7 Â°C;254 m3/h;6.88;5.98
02/12/2024 22:45;33.0 Â°C;261 m3/h;6.88;6.03
02/12/2024 23:00;30.8 Â°C;244 m3/h;6.90;6.02
02/12/2024 23:15;30.1 Â°C;241 m3/h;6.91;6.09
02/12/2024 23:30;29.2 Â°C;243 m3/h;6.95;6.10
02/12/2024 23:45;28.3 Â°C;234 m3/h;6.98;6.18
03/12/2024 00:00;28.8 Â°C;253 m3/h;7.00;6.26
03/12/2024 00:15;29.5 Â°C;261 m3/h;7.04;5.99
03/12/2024 00:30;29.1 Â°C;253 m3/h;7.05;5.90
03/12/2024 00:45;29.1 Â°C;247 m3/h;7.07;6.03
03/12/2024 01:00;29.7 Â°C;251 m3/h;7.08;6.23
03/12/2024 01:15;30.5 Â°C;260 m3/h;7.09;6.39
03/12/2024 01:30;30.6 Â°C;272 m3/h;7.09;6.12
03/12/2024 01:45;30.9 Â°C;287 m3/h;7.09;6.21
03/12/2024 02:00;30.6 Â°C;252 m3/h;7.10;6.23
03/12/2024 02:15;30.6 Â°C;260 m3/h;7.06;6.90
03/12/2024 02:30;30.6 Â°C;267 m3/h;7.05;7.10
03/12/2024 02:45;30.0 Â°C;271 m3/h;7.05;7.08
03/12/2024 03:00;30.4 Â°C;280 m3/h;7.05;7.05
03/12/2024 03:15;31.0 Â°C;249 m3/h;7.01;7.00
03/12/2024 03:30;31.4 Â°C;249 m3/h;6.98;6.96
03/12/2024 03:45;31.2 Â°C;250 m3/h;6.98;6.92
03/12/2024 04:00;31.3 Â°C;243 m3/h;6.95;6.89
03/12/2024 04:15;31.6 Â°C;235 m3/h;6.91;6.78
03/12/2024 04:30;33.2 Â°C;230 m3/h;6.90;6.72
03/12/2024 04:45;34.9 Â°C;226 m3/h;6.88;6.71
03/12/2024 05:00;35.2 Â°C;231 m3/h;6.85;6.72
03/12/2024 05:15;34.3 Â°C;237 m3/h;6.99;6.73
03/12/2024 05:30;34.3 Â°C;230 m3/h;6.82;6.74
03/12/2024 05:45;34.7 Â°C;224 m3/h;6.78;6.76
03/12/2024 06:00;35.4 Â°C;204 m3/h;6.77;6.78
03/12/2024 06:15;36.7 Â°C;258 m3/h;6.75;6.80
03/12/2024 06:30;38.6 Â°C;288 m3/h;6.75;6.82
03/12/2024 06:45;39.3 Â°C;297 m3/h;6.75;6.84
03/12/2024 07:00;37.9 Â°C;291 m3/h;6.74;6.90
03/12/2024 07:15;37.8 Â°C;291 m3/h;6.74;6.93
03/12/2024 07:30;35.9 Â°C;313 m3/h;6.72;6.95
03/12/2024 07:45;33.8 Â°C;273 m3/h;6.70;6.97
03/12/2024 08:00;32.8 Â°C;331 m3/h;6.74;6.99
03/12/2024 08:15;32.7 Â°C;312 m3/h;6.71;6.98
03/12/2024 08:30;31.8 Â°C;315 m3/h;6.69;7.03
03/12/2024 08:45;32.4 Â°C;328 m3/h;6.72;7.07
03/12/2024 09:00;31.5 Â°C;327 m3/h;6.70;7.00
03/12/2024 09:15;30.0 Â°C;300 m3/h;6.70;6.95
03/12/2024 09:30;31.1 Â°C;291 m3/h;6.71;6.95
03/12/2024 09:45;31.2 Â°C;308 m3/h;6.68;6.96
03/12/2024 10:00;31.3 Â°C;328 m3/h;6.69;6.98
03/12/2024 10:15;31.4 Â°C;327 m3/h;6.70;6.99
03/12/2024 10:30;30.4 Â°C;344 m3/h;6.69;7.03
03/12/2024 10:45;27.8 Â°C;311 m3/h;6.71;7.15
03/12/2024 11:00;28.8 Â°C;335 m3/h;6.69;7.25
03/12/2024 11:15;29.0 Â°C;339 m3/h;6.69;7.33
03/12/2024 11:30;29.3 Â°C;353 m3/h;6.70;7.52
03/12/2024 11:45;29.9 Â°C;357 m3/h;6.84;7.71
03/12/2024 12:00;30.2 Â°C;359 m3/h;6.67;7.71
03/12/2024 12:15;30.8 Â°C;359 m3/h;6.84;7.70
03/12/2024 12:30;31.7 Â°C;359 m3/h;6.69;7.81
03/12/2024 12:45;32.5 Â°C;354 m3/h;6.75;7.98
03/12/2024 13:00;32.9 Â°C;253 m3/h;6.74;8.26
03/12/2024 13:15;34.1 Â°C;229 m3/h;6.74;8.34
03/12/2024 13:30;37.2 Â°C;138 m3/h;6.76;8.32
03/12/2024 13:45;42.5 Â°C;205 m3/h;6.78;8.34
03/12/2024 14:00;42.2 Â°C;198 m3/h;6.80;8.29
03/12/2024 14:15;39.6 Â°C;181 m3/h;6.80;8.31
03/12/2024 14:30;38.4 Â°C;221 m3/h;6.77;8.31
03/12/2024 14:45;37.5 Â°C;300 m3/h;6.73;8.35
03/12/2024 15:00;35.9 Â°C;330 m3/h;6.73;8.39
03/12/2024 15:15;35.3 Â°C;308 m3/h;6.71;8.41
03/12/2024 15:30;35.1 Â°C;290 m3/h;6.69;8.42
03/12/2024 15:45;35.1 Â°C;284 m3/h;6.68;8.40
03/12/2024 16:00;35.3 Â°C;292 m3/h;6.71;8.40
03/12/2024 16:15;36.0 Â°C;301 m3/h;6.71;8.37
03/12/2024 16:30;35.6 Â°C;294 m3/h;6.85;8.37
03/12/2024 16:45;34.3 Â°C;282 m3/h;6.73;8.37
03/12/2024 17:00;33.1 Â°C;291 m3/h;6.73;8.34
03/12/2024 17:15;33.4 Â°C;264 m3/h;6.78;8.39
03/12/2024 17:30;32.8 Â°C;242 m3/h;6.79;8.32
03/12/2024 17:45;30.9 Â°C;248 m3/h;6.76;8.24
03/12/2024 18:00;30.0 Â°C;260 m3/h;6.73;8.23
03/12/2024 18:15;30.4 Â°C;284 m3/h;6.69;8.23
03/12/2024 18:30;30.2 Â°C;277 m3/h;6.69;8.29
03/12/2024 18:45;31.5 Â°C;269 m3/h;6.69;8.24
03/12/2024 19:00;34.0 Â°C;281 m3/h;6.69;8.23
03/12/2024 19:15;32.8 Â°C;303 m3/h;6.70;8.23
03/12/2024 19:30;32.3 Â°C;313 m3/h;6.69;8.20
03/12/2024 19:45;32.5 Â°C;315 m3/h;6.71;8.18
03/12/2024 20:00;33.6 Â°C;309 m3/h;6.71;8.17
03/12/2024 20:15;33.1 Â°C;292 m3/h;6.72;8.17
03/12/2024 20:30;33.2 Â°C;309 m3/h;6.71;8.17
03/12/2024 20:45;33.9 Â°C;283 m3/h;6.70;8.14
03/12/2024 21:00;35.9 Â°C;281 m3/h;6.73;8.14
03/12/2024 21:15;40.6 Â°C;282 m3/h;6.71;8.17
03/12/2024 21:30;43.7 Â°C;285 m3/h;6.70;8.15
03/12/2024 21:45;42.6 Â°C;248 m3/h;6.85;8.17
03/12/2024 22:00;39.3 Â°C;251 m3/h;6.72;8.19
03/12/2024 22:15;36.2 Â°C;258 m3/h;6.71;8.19
03/12/2024 22:30;32.2 Â°C;262 m3/h;6.73;8.20
03/12/2024 22:45;29.3 Â°C;263 m3/h;6.69;8.18
03/12/2024 23:00;28.6 Â°C;264 m3/h;6.71;8.18
03/12/2024 23:15;28.6 Â°C;270 m3/h;6.67;8.20
03/12/2024 23:30;29.6 Â°C;278 m3/h;6.67;8.22
03/12/2024 23:45;30.3 Â°C;287 m3/h;6.78;8.25
04/12/2024 00:00;31.7 Â°C;298 m3/h;6.68;8.27
04/12/2024 00:15;33.1 Â°C;297 m3/h;6.70;8.28
04/12/2024 00:30;34.4 Â°C;279 m3/h;6.70;8.27
04/12/2024 00:45;36.0 Â°C;285 m3/h;6.73;8.29
04/12/2024 01:00;39.7 Â°C;288 m3/h;6.75;8.29
04/12/2024 01:15;39.9 Â°C;291 m3/h;6.77;8.28
04/12/2024 01:30;40.4 Â°C;296 m3/h;6.80;8.25
04/12/2024 01:45;39.7 Â°C;303 m3/h;6.80;8.25
04/12/2024 02:00;37.0 Â°C;309 m3/h;6.80;8.28
04/12/2024 02:15;36.8 Â°C;314 m3/h;6.80;8.30
04/12/2024 02:30;36.9 Â°C;317 m3/h;6.80;8.27
04/12/2024 02:45;36.6 Â°C;318 m3/h;6.82;7.24
04/12/2024 03:00;35.7 Â°C;319 m3/h;7.01;8.14
04/12/2024 03:15;35.9 Â°C;324 m3/h;6.86;8.19
04/12/2024 03:30;35.8 Â°C;286 m3/h;6.88;8.21
04/12/2024 03:45;35.7 Â°C;292 m3/h;6.91;8.22
04/12/2024 04:00;35.0 Â°C;291 m3/h;6.93;8.23
04/12/2024 04:15;33.7 Â°C;294 m3/h;6.98;8.47
04/12/2024 04:30;32.6 Â°C;293 m3/h;7.01;10.5
04/12/2024 04:45;32.7 Â°C;295 m3/h;7.03;10.7
04/12/2024 05:00;33.2 Â°C;299 m3/h;7.08;10.6
04/12/2024 05:15;33.7 Â°C;265 m3/h;7.10;10.3
04/12/2024 05:30;33.7 Â°C;257 m3/h;7.08;9.88
04/12/2024 05:45;35.4 Â°C;242 m3/h;7.07;9.63
04/12/2024 06:00;36.4 Â°C;237 m3/h;7.05;10.1
04/12/2024 06:15;35.3 Â°C;222 m3/h;7.05;9.69
04/12/2024 06:30;34.4 Â°C;283 m3/h;7.04;9.51
04/12/2024 06:45;34.4 Â°C;254 m3/h;7.05;9.53
04/12/2024 07:00;35.0 Â°C;253 m3/h;7.05;9.79
04/12/2024 07:15;35.4 Â°C;286 m3/h;7.06;9.88
04/12/2024 07:30;36.7 Â°C;271 m3/h;7.07;9.90
04/12/2024 07:45;35.7 Â°C;297 m3/h;7.08;10.1
04/12/2024 08:00;34.4 Â°C;296 m3/h;7.09;10.2
04/12/2024 08:15;34.8 Â°C;275 m3/h;7.09;10.1
04/12/2024 08:30;36.1 Â°C;290 m3/h;7.09;9.97
04/12/2024 08:45;35.8 Â°C;294 m3/h;7.23;9.97
04/12/2024 09:00;36.0 Â°C;299 m3/h;7.06;10.7
04/12/2024 09:15;37.1 Â°C;278 m3/h;7.06;11.0
04/12/2024 09:30;39.7 Â°C;248 m3/h;7.06;10.6
04/12/2024 09:45;39.4 Â°C;292 m3/h;7.03;10.4
04/12/2024 10:00;37.4 Â°C;317 m3/h;7.01;10.1
04/12/2024 10:15;36.5 Â°C;326 m3/h;6.98;10.5
04/12/2024 10:30;35.5 Â°C;307 m3/h;6.96;10.8
04/12/2024 10:45;34.8 Â°C;321 m3/h;6.93;10.6
04/12/2024 11:00;34.7 Â°C;313 m3/h;6.91;10.9
04/12/2024 11:15;33.9 Â°C;312 m3/h;6.90;10.7
04/12/2024 11:30;33.6 Â°C;322 m3/h;6.88;10.2
04/12/2024 11:45;32.6 Â°C;303 m3/h;6.85;9.64
04/12/2024 12:00;31.0 Â°C;321 m3/h;6.84;9.27
04/12/2024 12:15;29.5 Â°C;313 m3/h;6.82;9.06
04/12/2024 12:30;28.6 Â°C;307 m3/h;6.80;9.14
04/12/2024 12:45;28.6 Â°C;298 m3/h;6.77;9.24
04/12/2024 13:00;28.7 Â°C;308 m3/h;6.95;9.20
04/12/2024 13:15;29.3 Â°C;300 m3/h;6.77;9.43
04/12/2024 13:30;29.5 Â°C;306 m3/h;6.77;9.63
04/12/2024 13:45;29.9 Â°C;289 m3/h;6.77;9.38
04/12/2024 14:00;30.3 Â°C;327 m3/h;6.74;8.81
04/12/2024 14:15;31.2 Â°C;292 m3/h;6.74;7.75
04/12/2024 14:30;31.6 Â°C;296 m3/h;6.71;6.31
04/12/2024 14:45;32.1 Â°C;293 m3/h;6.71;5.87
04/12/2024 15:00;33.1 Â°C;299 m3/h;6.67;6.66
04/12/2024 15:15;33.2 Â°C;281 m3/h;6.71;6.45
04/12/2024 15:30;33.7 Â°C;266 m3/h;6.73;6.72
04/12/2024 15:45;34.7 Â°C;254 m3/h;6.73;6.87
04/12/2024 16:00;35.6 Â°C;269 m3/h;6.73;7.29
04/12/2024 16:15;35.6 Â°C;265 m3/h;6.71;7.20
04/12/2024 16:30;35.9 Â°C;264 m3/h;6.70;7.03
04/12/2024 16:45;36.3 Â°C;262 m3/h;6.70;7.04
04/12/2024 17:00;37.0 Â°C;266 m3/h;6.71;7.25
04/12/2024 17:15;37.3 Â°C;254 m3/h;6.71;7.49
04/12/2024 17:30;37.0 Â°C;259 m3/h;6.72;7.49
04/12/2024 17:45;37.1 Â°C;250 m3/h;6.73;7.49
04/12/2024 18:00;37.4 Â°C;221 m3/h;6.91;7.23
04/12/2024 18:15;34.8 Â°C;227 m3/h;6.70;8.26
04/12/2024 18:30;30.5 Â°C;221 m3/h;6.69;7.92
04/12/2024 18:45;30.1 Â°C;246 m3/h;6.70;8.01
04/12/2024 19:00;30.6 Â°C;262 m3/h;6.69;7.82
04/12/2024 19:15;31.3 Â°C;261 m3/h;6.69;7.21
04/12/2024 19:30;33.7 Â°C;280 m3/h;6.69;6.36
04/12/2024 19:45;34.7 Â°C;286 m3/h;6.69;7.73
04/12/2024 20:00;33.3 Â°C;297 m3/h;6.69;7.06
04/12/2024 20:15;32.8 Â°C;307 m3/h;6.70;7.46
04/12/2024 20:30;29.8 Â°C;326 m3/h;6.70;8.59
04/12/2024 20:45;29.0 Â°C;314 m3/h;6.69;10.6
04/12/2024 21:00;29.9 Â°C;307 m3/h;6.69;10.8
04/12/2024 21:15;29.2 Â°C;305 m3/h;6.70;11.4
04/12/2024 21:30;27.7 Â°C;308 m3/h;6.69;11.6
04/12/2024 21:45;27.1 Â°C;316 m3/h;6.69;11.7
04/12/2024 22:00;26.5 Â°C;320 m3/h;6.69;11.8
04/12/2024 22:15;27.1 Â°C;315 m3/h;6.71;11.7
04/12/2024 22:30;27.3 Â°C;321 m3/h;6.70;11.7
04/12/2024 22:45;28.0 Â°C;332 m3/h;6.72;11.6
04/12/2024 23:00;30.6 Â°C;333 m3/h;6.70;11.0
04/12/2024 23:15;31.5 Â°C;336 m3/h;6.74;7.94
04/12/2024 23:30;31.2 Â°C;331 m3/h;6.75;6.18
04/12/2024 23:45;31.4 Â°C;334 m3/h;6.76;6.50
05/12/2024 00:00;30.5 Â°C;334 m3/h;6.76;7.53
05/12/2024 00:15;30.5 Â°C;327 m3/h;6.91;7.39
05/12/2024 00:30;30.5 Â°C;320 m3/h;6.92;7.07
05/12/2024 00:45;30.9 Â°C;303 m3/h;6.92;7.38
05/12/2024 01:00;32.6 Â°C;303 m3/h;6.93;9.35
05/12/2024 01:15;34.2 Â°C;295 m3/h;6.92;10.7
05/12/2024 01:30;33.2 Â°C;292 m3/h;6.92;9.77
05/12/2024 01:45;33.0 Â°C;286 m3/h;7.06;10.4
05/12/2024 02:00;32.4 Â°C;275 m3/h;6.90;10.3
05/12/2024 02:15;32.0 Â°C;263 m3/h;6.91;10.1
05/12/2024 02:30;31.5 Â°C;252 m3/h;6.92;9.88
05/12/2024 02:45;31.0 Â°C;237 m3/h;6.90;9.40
05/12/2024 03:00;30.4 Â°C;237 m3/h;6.88;9.28
05/12/2024 03:15;30.5 Â°C;235 m3/h;6.86;9.77
05/12/2024 03:30;30.5 Â°C;237 m3/h;6.84;9.43
05/12/2024 03:45;31.5 Â°C;239 m3/h;6.82;9.13
05/12/2024 04:00;32.5 Â°C;240 m3/h;6.80;8.50
05/12/2024 04:15;32.9 Â°C;252 m3/h;6.78;7.68
05/12/2024 04:30;33.5 Â°C;257 m3/h;6.75;6.76
05/12/2024 04:45;36.3 Â°C;264 m3/h;6.73;6.19
05/12/2024 05:00;39.9 Â°C;275 m3/h;6.69;5.86
05/12/2024 05:15;39.4 Â°C;286 m3/h;6.70;5.72
05/12/2024 05:30;37.0 Â°C;316 m3/h;6.69;5.58
05/12/2024 05:45;34.7 Â°C;331 m3/h;6.70;5.56
05/12/2024 06:00;33.5 Â°C;353 m3/h;6.69;5.86
05/12/2024 06:15;33.3 Â°C;360 m3/h;6.70;6.69
05/12/2024 06:30;33.0 Â°C;359 m3/h;6.70;7.12
05/12/2024 06:45;32.8 Â°C;359 m3/h;6.85;7.08
05/12/2024 07:00;32.3 Â°C;359 m3/h;6.87;6.88
05/12/2024 07:15;31.8 Â°C;360 m3/h;6.69;6.88
05/12/2024 07:30;29.6 Â°C;359 m3/h;6.69;7.18
05/12/2024 07:45;28.0 Â°C;360 m3/h;6.69;7.46
05/12/2024 08:00;27.1 Â°C;359 m3/h;6.69;7.29
05/12/2024 08:15;26.7 Â°C;360 m3/h;6.69;7.38
05/12/2024 08:30;27.9 Â°C;360 m3/h;6.69;7.21
05/12/2024 08:45;30.8 Â°C;331 m3/h;6.68;6.78
05/12/2024 09:00;31.8 Â°C;318 m3/h;6.66;6.50
05/12/2024 09:15;33.7 Â°C;333 m3/h;6.64;8.61
05/12/2024 09:30;31.6 Â°C;356 m3/h;6.64;9.21
05/12/2024 09:45;29.2 Â°C;360 m3/h;6.64;8.03
05/12/2024 10:00;28.4 Â°C;359 m3/h;6.63;8.03
05/12/2024 10:15;28.9 Â°C;354 m3/h;6.64;7.75
05/12/2024 10:30;30.6 Â°C;357 m3/h;6.63;7.72
05/12/2024 10:45;32.1 Â°C;352 m3/h;6.64;7.67
05/12/2024 11:00;33.4 Â°C;360 m3/h;6.64;7.81
05/12/2024 11:15;34.3 Â°C;356 m3/h;6.62;7.50
05/12/2024 11:30;35.4 Â°C;358 m3/h;6.62;7.80
05/12/2024 11:45;35.6 Â°C;360 m3/h;6.63;7.52
05/12/2024 12:00;35.3 Â°C;360 m3/h;6.63;6.67
05/12/2024 12:15;33.9 Â°C;360 m3/h;6.64;6.19
05/12/2024 12:30;34.6 Â°C;360 m3/h;6.65;5.84
05/12/2024 12:45;34.9 Â°C;353 m3/h;6.67;5.48
05/12/2024 13:00;34.6 Â°C;359 m3/h;6.67;5.65
05/12/2024 13:15;35.4 Â°C;350 m3/h;6.67;5.17
05/12/2024 13:30;36.4 Â°C;344 m3/h;6.68;5.18
05/12/2024 13:45;37.0 Â°C;358 m3/h;6.84;5.81
05/12/2024 14:00;36.6 Â°C;350 m3/h;6.72;5.73
05/12/2024 14:15;37.8 Â°C;344 m3/h;6.69;5.49
05/12/2024 14:30;38.9 Â°C;337 m3/h;6.67;5.20
05/12/2024 14:45;37.0 Â°C;336 m3/h;6.70;4.50
05/12/2024 15:00;37.3 Â°C;335 m3/h;6.71;4.14
05/12/2024 15:15;37.2 Â°C;341 m3/h;6.68;4.08
05/12/2024 15:30;37.3 Â°C;329 m3/h;6.69;4.05
05/12/2024 15:45;36.9 Â°C;303 m3/h;6.72;4.30
05/12/2024 16:00;37.0 Â°C;287 m3/h;6.70;4.87
05/12/2024 16:15;37.0 Â°C;287 m3/h;6.68;5.39
05/12/2024 16:30;37.1 Â°C;340 m3/h;6.72;5.70
05/12/2024 16:45;37.9 Â°C;358 m3/h;6.73;5.57
05/12/2024 17:00;38.0 Â°C;353 m3/h;6.73;5.05
05/12/2024 17:15;37.6 Â°C;332 m3/h;6.74;5.29
05/12/2024 17:30;37.1 Â°C;303 m3/h;6.72;6.20
05/12/2024 17:45;36.9 Â°C;306 m3/h;6.71;6.93
05/12/2024 18:00;37.8 Â°C;278 m3/h;6.69;7.68
05/12/2024 18:15;38.9 Â°C;261 m3/h;6.75;8.53
05/12/2024 18:30;39.5 Â°C;272 m3/h;6.75;9.18
05/12/2024 18:45;43.6 Â°C;270 m3/h;6.72;8.04
05/12/2024 19:00;43.1 Â°C;289 m3/h;6.71;7.96
05/12/2024 19:15;42.2 Â°C;268 m3/h;6.70;8.69
05/12/2024 19:30;39.6 Â°C;277 m3/h;6.68;9.12
05/12/2024 19:45;37.9 Â°C;258 m3/h;6.74;9.43
05/12/2024 20:00;38.3 Â°C;294 m3/h;6.72;9.25
05/12/2024 20:15;38.3 Â°C;275 m3/h;6.71;9.05
05/12/2024 20:30;38.6 Â°C;270 m3/h;6.71;7.96
05/12/2024 20:45;38.2 Â°C;276 m3/h;6.68;6.56
05/12/2024 21:00;37.7 Â°C;305 m3/h;6.90;6.07
05/12/2024 21:15;37.7 Â°C;311 m3/h;6.75;6.05
05/12/2024 21:30;37.7 Â°C;291 m3/h;6.73;6.19
05/12/2024 21:45;36.9 Â°C;275 m3/h;6.72;5.99
05/12/2024 22:00;36.2 Â°C;261 m3/h;6.71;5.90
05/12/2024 22:15;36.5 Â°C;267 m3/h;6.71;5.85
05/12/2024 22:30;34.8 Â°C;257 m3/h;6.71;5.71
05/12/2024 22:45;34.4 Â°C;256 m3/h;6.68;5.62
05/12/2024 23:00;35.0 Â°C;255 m3/h;6.74;5.46
05/12/2024 23:15;35.8 Â°C;257 m3/h;6.74;5.99
05/12/2024 23:30;33.2 Â°C;245 m3/h;6.71;6.46
05/12/2024 23:45;30.0 Â°C;237 m3/h;6.67;6.64
06/12/2024 00:00;27.8 Â°C;258 m3/h;6.66;6.49
06/12/2024 00:15;27.0 Â°C;272 m3/h;6.84;6.84
06/12/2024 00:30;27.9 Â°C;290 m3/h;6.67;7.04
06/12/2024 00:45;30.1 Â°C;317 m3/h;6.68;6.94
06/12/2024 01:00;32.3 Â°C;326 m3/h;6.69;7.76
06/12/2024 01:15;32.9 Â°C;328 m3/h;6.69;7.67
06/12/2024 01:30;33.4 Â°C;324 m3/h;6.74;7.80
06/12/2024 01:45;33.6 Â°C;327 m3/h;6.72;7.86
06/12/2024 02:00;33.7 Â°C;326 m3/h;6.68;9.01
06/12/2024 02:15;34.5 Â°C;319 m3/h;6.69;9.83
06/12/2024 02:30;34.9 Â°C;321 m3/h;6.71;10.2
06/12/2024 02:45;34.2 Â°C;323 m3/h;6.68;10.3
06/12/2024 03:00;34.3 Â°C;319 m3/h;6.69;9.67
06/12/2024 03:15;33.8 Â°C;319 m3/h;6.72;8.69
06/12/2024 03:30;34.6 Â°C;308 m3/h;6.69;8.20
06/12/2024 03:45;34.2 Â°C;313 m3/h;6.72;7.24
06/12/2024 04:00;33.6 Â°C;293 m3/h;6.76;6.89
06/12/2024 04:15;33.2 Â°C;282 m3/h;6.75;6.63
06/12/2024 04:30;33.7 Â°C;288 m3/h;6.71;6.49
06/12/2024 04:45;34.4 Â°C;289 m3/h;6.71;6.07
06/12/2024 05:00;34.7 Â°C;285 m3/h;6.85;8.73
06/12/2024 05:15;34.5 Â°C;287 m3/h;6.69;10.5
06/12/2024 05:30;34.8 Â°C;291 m3/h;6.71;10.1
06/12/2024 05:45;34.5 Â°C;295 m3/h;6.75;9.35
06/12/2024 06:00;34.0 Â°C;286 m3/h;6.75;9.21
06/12/2024 06:15;34.8 Â°C;276 m3/h;6.93;9.12
06/12/2024 06:30;35.8 Â°C;291 m3/h;6.74;8.96
06/12/2024 06:45;39.1 Â°C;300 m3/h;6.71;10.1
06/12/2024 07:00;39.7 Â°C;319 m3/h;6.70;10.7
06/12/2024 07:15;39.8 Â°C;337 m3/h;6.71;10.8
06/12/2024 07:30;39.4 Â°C;323 m3/h;6.75;10.5
06/12/2024 07:45;38.2 Â°C;323 m3/h;6.75;10.4
06/12/2024 08:00;39.0 Â°C;327 m3/h;6.77;9.90
06/12/2024 08:15;37.4 Â°C;312 m3/h;6.77;9.32
06/12/2024 08:30;38.1 Â°C;324 m3/h;6.77;8.95
06/12/2024 08:45;39.8 Â°C;352 m3/h;6.76;8.27
06/12/2024 09:00;39.4 Â°C;337 m3/h;6.76;7.74
06/12/2024 09:15;38.1 Â°C;333 m3/h;6.76;8.07
06/12/2024 09:30;37.9 Â°C;323 m3/h;6.75;7.81
06/12/2024 09:45;37.8 Â°C;313 m3/h;6.75;7.67
06/12/2024 10:00;37.0 Â°C;344 m3/h;6.75;7.31
06/12/2024 10:15;36.4 Â°C;323 m3/h;6.91;7.05
06/12/2024 10:30;36.2 Â°C;334 m3/h;6.75;7.14
06/12/2024 10:45;36.3 Â°C;304 m3/h;6.75;6.91
06/12/2024 11:00;35.9 Â°C;293 m3/h;6.75;6.53
06/12/2024 11:15;35.8 Â°C;302 m3/h;6.75;6.35
06/12/2024 11:30;36.1 Â°C;307 m3/h;6.75;6.00
06/12/2024 11:45;35.8 Â°C;312 m3/h;6.76;5.52
06/12/2024 12:00;34.9 Â°C;286 m3/h;6.76;5.45
06/12/2024 12:15;34.4 Â°C;300 m3/h;6.75;5.70
06/12/2024 12:30;34.9 Â°C;287 m3/h;6.76;5.87
06/12/2024 12:45;34.7 Â°C;273 m3/h;6.91;5.75
06/12/2024 13:00;34.1 Â°C;271 m3/h;6.76;5.77
06/12/2024 13:15;31.9 Â°C;278 m3/h;6.75;5.87
06/12/2024 13:30;32.5 Â°C;257 m3/h;6.77;5.69
06/12/2024 13:45;34.3 Â°C;276 m3/h;6.75;5.46
06/12/2024 14:00;38.4 Â°C;308 m3/h;6.75;4.99
06/12/2024 14:15;38.4 Â°C;281 m3/h;6.75;4.57
06/12/2024 14:30;37.4 Â°C;293 m3/h;6.75;4.35
06/12/2024 14:45;35.8 Â°C;278 m3/h;6.75;4.37
06/12/2024 15:00;35.3 Â°C;283 m3/h;6.75;4.58
06/12/2024 15:15;35.8 Â°C;268 m3/h;6.75;4.71
06/12/2024 15:30;37.0 Â°C;259 m3/h;6.75;5.00
06/12/2024 15:45;36.7 Â°C;266 m3/h;6.75;4.94
06/12/2024 16:00;36.5 Â°C;266 m3/h;6.75;4.87
06/12/2024 16:15;37.7 Â°C;271 m3/h;6.75;5.05
06/12/2024 16:30;36.4 Â°C;257 m3/h;6.75;5.11
06/12/2024 16:45;36.9 Â°C;253 m3/h;6.74;5.39
06/12/2024 17:00;34.8 Â°C;257 m3/h;6.71;5.93
06/12/2024 17:15;32.3 Â°C;271 m3/h;6.71;6.38
06/12/2024 17:30;31.0 Â°C;285 m3/h;6.71;6.00
06/12/2024 17:45;31.1 Â°C;273 m3/h;6.68;6.91
06/12/2024 18:00;31.4 Â°C;248 m3/h;6.74;7.54
06/12/2024 18:15;32.7 Â°C;225 m3/h;6.74;7.37
06/12/2024 18:30;33.6 Â°C;215 m3/h;6.71;7.60
06/12/2024 18:45;33.8 Â°C;209 m3/h;6.71;8.13
06/12/2024 19:00;33.8 Â°C;208 m3/h;6.71;8.07
06/12/2024 19:15;33.7 Â°C;206 m3/h;6.71;6.62
06/12/2024 19:30;35.0 Â°C;213 m3/h;6.69;5.68
06/12/2024 19:45;33.9 Â°C;200 m3/h;6.72;5.28
06/12/2024 20:00;33.3 Â°C;131 m3/h;6.75;5.41
06/12/2024 20:15;33.1 Â°C;103 m3/h;6.75;5.26
06/12/2024 20:30;31.0 Â°C;120 m3/h;6.74;3.97
06/12/2024 20:45;31.5 Â°C;187 m3/h;6.72;5.42
06/12/2024 21:00;31.7 Â°C;211 m3/h;6.71;5.81
06/12/2024 21:15;31.7 Â°C;232 m3/h;6.89;6.30
06/12/2024 21:30;32.5 Â°C;226 m3/h;6.68;6.08
06/12/2024 21:45;34.1 Â°C;247 m3/h;6.70;5.01
06/12/2024 22:00;32.7 Â°C;248 m3/h;6.74;5.09
06/12/2024 22:15;31.3 Â°C;258 m3/h;6.72;4.91
06/12/2024 22:30;29.5 Â°C;245 m3/h;6.78;5.00
06/12/2024 22:45;32.1 Â°C;226 m3/h;6.80;5.47
06/12/2024 23:00;34.3 Â°C;211 m3/h;6.78;6.96
06/12/2024 23:15;33.3 Â°C;223 m3/h;6.77;7.05
06/12/2024 23:30;33.0 Â°C;226 m3/h;6.76;7.60
06/12/2024 23:45;32.9 Â°C;246 m3/h;6.71;8.53
07/12/2024 00:00;31.6 Â°C;258 m3/h;6.67;8.07
07/12/2024 00:15;32.7 Â°C;273 m3/h;6.65;7.97
07/12/2024 00:30;33.7 Â°C;276 m3/h;6.67;8.30
07/12/2024 00:45;34.8 Â°C;270 m3/h;6.67;8.16
07/12/2024 01:00;35.1 Â°C;274 m3/h;6.68;7.48
07/12/2024 01:15;35.0 Â°C;281 m3/h;6.68;7.23
07/12/2024 01:30;34.8 Â°C;279 m3/h;6.67;7.06
07/12/2024 01:45;33.9 Â°C;294 m3/h;6.67;6.89
07/12/2024 02:00;32.8 Â°C;288 m3/h;7.02;6.91
07/12/2024 02:15;33.4 Â°C;290 m3/h;6.74;6.65
07/12/2024 02:30;33.6 Â°C;257 m3/h;6.74;6.32
07/12/2024 02:45;33.2 Â°C;244 m3/h;6.92;5.99
07/12/2024 03:00;33.1 Â°C;242 m3/h;6.72;5.72
07/12/2024 03:15;33.2 Â°C;250 m3/h;6.73;5.95
07/12/2024 03:30;32.3 Â°C;238 m3/h;6.68;6.10
07/12/2024 03:45;31.9 Â°C;241 m3/h;6.73;6.29
07/12/2024 04:00;31.2 Â°C;250 m3/h;6.69;6.36
07/12/2024 04:15;30.5 Â°C;255 m3/h;6.68;6.53
07/12/2024 04:30;30.0 Â°C;262 m3/h;6.68;6.45
07/12/2024 04:45;29.4 Â°C;271 m3/h;6.70;6.13
07/12/2024 05:00;29.4 Â°C;282 m3/h;6.66;5.91
07/12/2024 05:15;29.8 Â°C;293 m3/h;6.86;5.87
07/12/2024 05:30;31.0 Â°C;291 m3/h;6.72;5.50
07/12/2024 05:45;31.3 Â°C;294 m3/h;6.68;5.76
07/12/2024 06:00;31.9 Â°C;292 m3/h;6.74;5.70
07/12/2024 06:15;32.8 Â°C;294 m3/h;6.72;5.82
07/12/2024 06:30;34.4 Â°C;327 m3/h;6.87;6.49
07/12/2024 06:45;35.1 Â°C;340 m3/h;6.67;7.25
07/12/2024 07:00;35.8 Â°C;331 m3/h;6.67;7.86
07/12/2024 07:15;37.8 Â°C;335 m3/h;6.71;8.19
07/12/2024 07:30;38.4 Â°C;357 m3/h;6.70;9.85
07/12/2024 07:45;36.9 Â°C;357 m3/h;6.69;9.88
07/12/2024 08:00;36.5 Â°C;359 m3/h;6.74;9.96
07/12/2024 08:15;36.1 Â°C;359 m3/h;6.72;9.44
07/12/2024 08:30;34.9 Â°C;353 m3/h;6.86;8.30
07/12/2024 08:45;31.9 Â°C;358 m3/h;6.69;7.54
07/12/2024 09:00;32.6 Â°C;355 m3/h;6.74;6.96
07/12/2024 09:15;33.0 Â°C;351 m3/h;6.71;6.72
07/12/2024 09:30;33.9 Â°C;336 m3/h;6.87;6.40
07/12/2024 09:45;35.4 Â°C;332 m3/h;6.68;6.02
07/12/2024 10:00;36.3 Â°C;347 m3/h;6.88;5.60
07/12/2024 10:15;35.0 Â°C;332 m3/h;6.71;5.71
07/12/2024 10:30;34.8 Â°C;339 m3/h;6.71;5.71
07/12/2024 10:45;33.9 Â°C;333 m3/h;6.71;5.78
07/12/2024 11:00;33.7 Â°C;306 m3/h;6.73;5.73
07/12/2024 11:15;33.9 Â°C;296 m3/h;6.74;5.71
07/12/2024 11:30;33.8 Â°C;301 m3/h;6.74;5.85
07/12/2024 11:45;33.7 Â°C;321 m3/h;6.71;5.95
07/12/2024 12:00;34.4 Â°C;320 m3/h;6.87;5.83
07/12/2024 12:15;34.8 Â°C;280 m3/h;6.69;5.80
07/12/2024 12:30;34.6 Â°C;314 m3/h;6.72;5.32
07/12/2024 12:45;35.3 Â°C;303 m3/h;6.72;4.68
07/12/2024 13:00;35.7 Â°C;277 m3/h;6.71;5.57
07/12/2024 13:15;37.3 Â°C;267 m3/h;6.74;5.68
07/12/2024 13:30;38.5 Â°C;246 m3/h;6.75;5.69
07/12/2024 13:45;37.7 Â°C;235 m3/h;6.78;5.46
07/12/2024 14:00;37.0 Â°C;236 m3/h;6.75;6.61
07/12/2024 14:15;36.7 Â°C;221 m3/h;6.74;6.62
07/12/2024 14:30;36.7 Â°C;252 m3/h;6.74;6.17
07/12/2024 14:45;36.7 Â°C;252 m3/h;6.77;6.52
07/12/2024 15:00;35.8 Â°C;188 m3/h;6.77;6.80
07/12/2024 15:15;35.6 Â°C;175 m3/h;6.78;7.01
07/12/2024 15:30;36.2 Â°C;174 m3/h;6.78;6.77
07/12/2024 15:45;36.5 Â°C;163 m3/h;6.77;6.36
07/12/2024 16:00;36.0 Â°C;146 m3/h;6.78;6.66
07/12/2024 16:15;34.6 Â°C;165 m3/h;6.92;6.63
07/12/2024 16:30;33.8 Â°C;175 m3/h;6.72;6.44
07/12/2024 16:45;33.1 Â°C;213 m3/h;6.68;6.35
07/12/2024 17:00;33.2 Â°C;229 m3/h;6.74;6.46
07/12/2024 17:15;32.9 Â°C;248 m3/h;6.74;6.28
07/12/2024 17:30;32.6 Â°C;253 m3/h;6.71;5.91
07/12/2024 17:45;32.3 Â°C;265 m3/h;6.72;5.83
07/12/2024 18:00;32.0 Â°C;250 m3/h;6.69;5.83
07/12/2024 18:15;31.4 Â°C;244 m3/h;6.74;5.90
07/12/2024 18:30;31.4 Â°C;230 m3/h;6.71;5.87
07/12/2024 18:45;31.9 Â°C;215 m3/h;6.67;5.84
07/12/2024 19:00;30.2 Â°C;212 m3/h;6.72;5.88
07/12/2024 19:15;29.2 Â°C;236 m3/h;6.70;5.64
07/12/2024 19:30;28.6 Â°C;220 m3/h;6.66;6.03
07/12/2024 19:45;29.3 Â°C;251 m3/h;6.68;6.29
07/12/2024 20:00;29.0 Â°C;230 m3/h;6.71;6.00
07/12/2024 20:15;28.2 Â°C;231 m3/h;6.68;6.87
07/12/2024 20:30;27.8 Â°C;220 m3/h;6.72;7.30
07/12/2024 20:45;27.4 Â°C;217 m3/h;6.68;6.68
07/12/2024 21:00;27.8 Â°C;236 m3/h;6.71;6.69
07/12/2024 21:15;27.8 Â°C;241 m3/h;6.75;6.54
07/12/2024 21:30;28.7 Â°C;226 m3/h;6.73;6.56
07/12/2024 21:45;30.1 Â°C;221 m3/h;6.69;6.54
07/12/2024 22:00;30.6 Â°C;227 m3/h;6.73;6.51
07/12/2024 22:15;32.1 Â°C;234 m3/h;6.75;6.15
07/12/2024 22:30;33.3 Â°C;237 m3/h;6.74;6.56
07/12/2024 22:45;33.5 Â°C;228 m3/h;6.73;6.75
07/12/2024 23:00;35.0 Â°C;218 m3/h;6.73;6.69
07/12/2024 23:15;34.6 Â°C;227 m3/h;6.71;7.36
07/12/2024 23:30;33.9 Â°C;228 m3/h;6.71;7.39
07/12/2024 23:45;34.8 Â°C;231 m3/h;6.67;7.07
08/12/2024 00:00;37.7 Â°C;246 m3/h;6.72;6.40
08/12/2024 00:15;37.6 Â°C;266 m3/h;6.68;6.06
08/12/2024 00:30;40.3 Â°C;277 m3/h;6.67;6.41
08/12/2024 00:45;38.7 Â°C;285 m3/h;6.70;7.01
08/12/2024 01:00;37.3 Â°C;292 m3/h;6.69;7.07
08/12/2024 01:15;36.6 Â°C;302 m3/h;6.68;7.33
08/12/2024 01:30;33.8 Â°C;290 m3/h;6.71;7.30
08/12/2024 01:45;31.5 Â°C;289 m3/h;6.69;6.67
08/12/2024 02:00;30.7 Â°C;289 m3/h;6.68;6.38
08/12/2024 02:15;29.6 Â°C;288 m3/h;6.91;5.56
08/12/2024 02:30;29.4 Â°C;295 m3/h;6.87;5.77
08/12/2024 02:45;29.4 Â°C;287 m3/h;6.68;6.12
08/12/2024 03:00;30.8 Â°C;295 m3/h;6.71;6.00
08/12/2024 03:15;31.7 Â°C;289 m3/h;6.73;6.10
08/12/2024 03:30;32.3 Â°C;258 m3/h;6.69;4.91
08/12/2024 03:45;32.5 Â°C;253 m3/h;6.69;5.12
08/12/2024 04:00;32.6 Â°C;243 m3/h;6.74;5.83
08/12/2024 04:15;32.1 Â°C;231 m3/h;6.75;5.74
08/12/2024 04:30;32.7 Â°C;209 m3/h;6.75;5.49
08/12/2024 04:45;32.6 Â°C;193 m3/h;6.78;5.72
08/12/2024 05:00;32.6 Â°C;172 m3/h;6.94;5.65
08/12/2024 05:15;32.6 Â°C;180 m3/h;6.77;5.66
08/12/2024 05:30;32.9 Â°C;167 m3/h;6.96;5.77
08/12/2024 05:45;33.1 Â°C;176 m3/h;6.76;5.70
08/12/2024 06:00;34.0 Â°C;187 m3/h;6.74;5.24
08/12/2024 06:15;34.5 Â°C;197 m3/h;6.72;5.61
08/12/2024 06:30;34.8 Â°C;218 m3/h;6.72;5.81
08/12/2024 06:45;35.1 Â°C;251 m3/h;6.89;2.76
08/12/2024 07:00;35.2 Â°C;221 m3/h;6.76;2.66
08/12/2024 07:15;35.7 Â°C;232 m3/h;6.74;3.79
08/12/2024 07:30;35.5 Â°C;240 m3/h;6.75;4.85
08/12/2024 07:45;35.3 Â°C;274 m3/h;6.75;5.87
08/12/2024 08:00;34.4 Â°C;296 m3/h;6.72;5.71
08/12/2024 08:15;34.2 Â°C;245 m3/h;6.72;5.66
08/12/2024 08:30;34.0 Â°C;278 m3/h;6.72;5.71
08/12/2024 08:45;34.1 Â°C;236 m3/h;6.70;5.81
08/12/2024 09:00;34.1 Â°C;231 m3/h;6.72;6.11
08/12/2024 09:15;34.9 Â°C;227 m3/h;6.75;6.55
08/12/2024 09:30;35.7 Â°C;225 m3/h;6.96;6.66
08/12/2024 09:45;36.3 Â°C;193 m3/h;6.79;6.73
08/12/2024 10:00;36.3 Â°C;205 m3/h;6.81;6.80
08/12/2024 10:15;32.4 Â°C;180 m3/h;6.80;6.86
08/12/2024 10:30;32.8 Â°C;157 m3/h;6.82;6.76
08/12/2024 10:45;31.8 Â°C;139 m3/h;6.84;6.80
08/12/2024 11:00;32.2 Â°C;172 m3/h;6.86;6.91
08/12/2024 11:15;33.2 Â°C;109 m3/h;6.85;9.55
08/12/2024 11:30;32.5 Â°C;183 m3/h;6.86;11.2
08/12/2024 11:45;32.5 Â°C;174 m3/h;6.81;10.7
08/12/2024 12:00;33.0 Â°C;174 m3/h;6.78;10.6
08/12/2024 12:15;33.6 Â°C;196 m3/h;6.76;10.8
08/12/2024 12:30;33.1 Â°C;201 m3/h;6.74;10.9
08/12/2024 12:45;32.4 Â°C;213 m3/h;6.72;10.9
08/12/2024 13:00;32.4 Â°C;227 m3/h;6.71;10.8
08/12/2024 13:15;32.2 Â°C;200 m3/h;6.70;11.0
08/12/2024 13:30;31.9 Â°C;207 m3/h;6.74;11.1
08/12/2024 13:45;31.5 Â°C;189 m3/h;6.74;10.9
08/12/2024 14:00;31.6 Â°C;208 m3/h;6.72;10.8
08/12/2024 14:15;32.1 Â°C;230 m3/h;6.73;10.6
08/12/2024 14:30;33.0 Â°C;188 m3/h;6.71;10.2
08/12/2024 14:45;32.4 Â°C;236 m3/h;6.74;9.62
08/12/2024 15:00;31.6 Â°C;243 m3/h;6.72;9.22
08/12/2024 15:15;32.1 Â°C;231 m3/h;6.70;9.13
08/12/2024 15:30;33.1 Â°C;223 m3/h;6.71;7.27
08/12/2024 15:45;33.4 Â°C;205 m3/h;6.72;6.97
08/12/2024 16:00;34.9 Â°C;230 m3/h;6.71;6.86
08/12/2024 16:15;34.2 Â°C;252 m3/h;6.74;6.96
08/12/2024 16:30;33.8 Â°C;262 m3/h;6.70;6.74
08/12/2024 16:45;33.3 Â°C;260 m3/h;6.72;6.64
08/12/2024 17:00;33.1 Â°C;261 m3/h;6.74;6.54
08/12/2024 17:15;33.1 Â°C;240 m3/h;6.73;6.43
08/12/2024 17:30;33.3 Â°C;239 m3/h;6.75;6.41
08/12/2024 17:45;32.4 Â°C;210 m3/h;6.72;6.61
08/12/2024 18:00;32.0 Â°C;214 m3/h;6.67;6.70
08/12/2024 18:15;31.8 Â°C;196 m3/h;6.71;7.08
08/12/2024 18:30;32.8 Â°C;207 m3/h;6.67;8.39
08/12/2024 18:45;34.7 Â°C;228 m3/h;6.65;9.12
08/12/2024 19:00;37.0 Â°C;262 m3/h;6.66;8.30
08/12/2024 19:15;36.4 Â°C;268 m3/h;6.68;7.01
08/12/2024 19:30;34.2 Â°C;273 m3/h;6.67;6.35
08/12/2024 19:45;34.1 Â°C;292 m3/h;6.66;6.12
08/12/2024 20:00;34.5 Â°C;310 m3/h;6.65;6.17
08/12/2024 20:15;38.4 Â°C;332 m3/h;6.62;6.19
08/12/2024 20:30;43.1 Â°C;336 m3/h;6.61;6.38
08/12/2024 20:45;44.7 Â°C;339 m3/h;6.58;9.07
08/12/2024 21:00;42.9 Â°C;355 m3/h;6.54;8.65
08/12/2024 21:15;40.5 Â°C;358 m3/h;6.53;7.13
08/12/2024 21:30;39.5 Â°C;359 m3/h;6.52;6.60
08/12/2024 21:45;38.9 Â°C;359 m3/h;6.50;6.64
08/12/2024 22:00;36.6 Â°C;358 m3/h;6.50;6.58
08/12/2024 22:15;34.2 Â°C;357 m3/h;6.46;6.30
08/12/2024 22:30;33.2 Â°C;358 m3/h;6.45;4.38
08/12/2024 22:45;32.3 Â°C;359 m3/h;6.44;4.23
08/12/2024 23:00;32.2 Â°C;358 m3/h;6.42;4.77
08/12/2024 23:15;33.7 Â°C;358 m3/h;6.41;4.97
08/12/2024 23:30;33.2 Â°C;359 m3/h;6.42;5.41
08/12/2024 23:45;32.4 Â°C;358 m3/h;6.55;5.74
